{"selection_method": "rank", "population_size": 167, "num_generations": 959, "crossover_rate": 0.8336951656353737, "mutation_rate": 0.21944759308717768}